<?xml version="1.0" encoding="UTF-8"?>
<project-private xmlns="http://www.netbeans.org/ns/project-private/1">
    <editor-bookmarks xmlns="http://www.netbeans.org/ns/editor-bookmarks/2" lastBookmarkId="0"/>
    <open-files xmlns="http://www.netbeans.org/ns/projectui-open-files/2">
        <group>
            <file>file:/C:/Users/Administrador/Documents/NetBeansProjects/SGPP/src/telas/BuscarProjeto.java</file>
            <file>file:/C:/Users/Administrador/Documents/NetBeansProjects/SGPP/src/telas/CadastrarProjeto.java</file>
            <file>file:/C:/Users/Administrador/Documents/NetBeansProjects/SGPP/src/telas/Arquivos.java</file>
            <file>file:/C:/Users/Administrador/Documents/NetBeansProjects/SGPP/src/telas/CadastrarUsuario.java</file>
            <file>file:/C:/Users/Administrador/Documents/NetBeansProjects/SGPP/src/telas/Login.java</file>
            <file>file:/C:/Users/Administrador/Documents/NetBeansProjects/SGPP/src/telas/InserirArquivos.java</file>
        </group>
    </open-files>
</project-private>
